Clone ID	reads	V	D	J	C	dnaSeq	aaSeq	chain	is_func	patient_id
231	3	TRAV8-2,TRAV8-4	NA	TRAJ4	NA	TGTGCTGTCCCCTTTTCTGGTGGCTACAATAAGCTGATTTTT	CAVPFSGGYNKLIF	TRA	True	pat20-tumor-rna-SRR2672095.fastuniq
337	2	TRAV36DV7	NA	TRAJ32	NA	TGTGCTGTGGGAGGTGGTGCTACAAACAAGCTCATCTTT	CAVGGGATNKLIF	TRA	True	pat20-tumor-rna-SRR2672095.fastuniq
338	2	TRGV9	NA	TRGJ1,TRGJ2	NA	TGTGCCTTGTGGGAGGTGCAGAGTTATAAGAAACTCTTT	CALWEVQSYKKLF	TRG	True	pat20-tumor-rna-SRR2672095.fastuniq
316	2	TRAV12-3	NA	TRAJ53	NA	TGTGCAATGAGCGAAAGTGGAGGTAGCAACTATAAACTGACAATT	CAMSESGGSNYKLTI	TRA	True	pat20-tumor-rna-SRR2672095.fastuniq
541	1	TRAV13-2	NA	TRAJ11	TRAC	TGTGCAGAGAATCAAGGTTCAGGATACAGCACCCTCACCTTT	CAENQGSGYSTLTF	TRA	True	pat20-tumor-rna-SRR2672095.fastuniq
533	1	TRGV10	NA	TRGJ1,TRGJ2	NA	TGTGCTGCGTGGGGACCTTTGAGATATTATAAGAAACTCTTT	CAAWGPLRYYKKLF	TRG	True	pat20-tumor-rna-SRR2672095.fastuniq
508	1	TRBV11-2,TRBV11-3,TRBV7-2,TRBV7-3,TRBV7-8	TRBD2	TRBJ2-2	TRBC1,TRBC2	TGTGCCAGCAGTCCGCGAGGAGCGGGAGGCGGGGAGCTGTTTTTT	CASSPRGAGGGELFF	TRB	True	pat20-tumor-rna-SRR2672095.fastuniq
480	1	TRBV11-1,TRBV11-2,TRBV11-3	NA	TRBJ2-2	TRBC1,TRBC2	TGTGCCAGCAGCTTAGATTCCTTGTCAGCAATCACCGGGGAGCTGTTTTTT	CASSLDSLSAITGELFF	TRB	True	pat20-tumor-rna-SRR2672095.fastuniq
723	1	TRAV5	NA	TRAJ20	TRAC	TGTGCAGAGAGTAACGACTACAAGCTCAGCTTT	CAESNDYKLSF	TRA	True	pat20-tumor-rna-SRR2672095.fastuniq
564	1	TRAV8-3,TRAV8-5,TRAV8-7	NA	TRAJ8	TRAC	TGTGCTGTGTTGAACACAGGCTTTCAGAAACTTGTATTT	CAVLNTGFQKLVF	TRA	True	pat20-tumor-rna-SRR2672095.fastuniq
542	1	TRAV12-3	NA	TRAJ37	NA	TGTGCAATGGGGGGCTCTAGCAACACAGGCGAACTAATCTTT	CAMGGSSNTGELIF	TRA	True	pat20-tumor-rna-SRR2672095.fastuniq
531	1	TRAV21	NA	TRAJ13	NA	TGTGCTGTTGTGTCTTCTGGGGGTTACCAGAAAGTTACCTTT	CAVVSSGGYQKVTF	TRA	True	pat20-tumor-rna-SRR2672095.fastuniq
532	1	TRAV41	NA	TRAJ48	NA	TGTGCTGTCTTATCTAACTTTGGAAATGAGAAATTAACCTTT	CAVLSNFGNEKLTF	TRA	True	pat20-tumor-rna-SRR2672095.fastuniq
530	1	TRAV38-1	NA	TRAJ39	NA	TGTGCTTTCATGAAGGATAATGCAGGCAACATGCTCACCTTT	CAFMKDNAGNMLTF	TRA	True	pat20-tumor-rna-SRR2672095.fastuniq
528	1	TRAV10	NA	TRAJ15	TRAC	TGTGTGGTGACCTGGGGACAATCGAGGGGTGCTCTGATCTTT	CVVTWGQSRGALIF	TRA	True	pat20-tumor-rna-SRR2672095.fastuniq
507	1	TRAV8-6	NA	TRAJ44	NA	TGTGCTGTGAGTGTTATTACCGGCACTGCCAGTAAACTCACCTTT	CAVSVITGTASKLTF	TRA	True	pat20-tumor-rna-SRR2672095.fastuniq
506	1	TRAV16	NA	TRAJ10	NA	TGTGCTCTAAGTCGCCTCACGGGAGGAGGAAACAAACTCACCTTT	CALSRLTGGGNKLTF	TRA	True	pat20-tumor-rna-SRR2672095.fastuniq
505	1	TRAV19	NA	TRAJ12	TRAC	TGTGCTCTGAGTGAGGAAATGGATAGCAGCTATAAATTGATCTTC	CALSEEMDSSYKLIF	TRA	True	pat20-tumor-rna-SRR2672095.fastuniq
479	1	TRAV35	NA	TRAJ52	NA	TGTGCTGGGCAGTTCAGAGATGGTGGTACTAGCTATGGAAAGCTGACATTT	CAGQFRDGGTSYGKLTF	TRA	True	pat20-tumor-rna-SRR2672095.fastuniq
473	1	TRAV13-1	NA	TRAJ42	TRAC	TGTGCAGCAAGTAATACTAAAGGGAATAGAGGAAGCCAAGGAAATCTCATCTTT	CAASNTKGNRGSQGNLIF	TRA	True	pat20-tumor-rna-SRR2672095.fastuniq
534	1	TRGV10	NA	TRGJ1,TRGJ2	NA	TGTGCTGCGTGGGATTATTGGGATTATTATAAGAAACTCTTT	CAAWDYWDYYKKLF	TRG	True	pat20-tumor-rna-SRR2672095.fastuniq
