Clone ID	reads	V	D	J	C	dnaSeq	aaSeq	chain	isotype	is_func	patient_id
0	100	IGKV2-28	NA	IGKJ3	IGKC	TGCATGCAAGCTCTACAAACCCTCACTTTC	CMQALQTLTF	IGK	NA	True	pat40-tumor-rna-SRR2751521.fastuniq
1	47	IGKV2-26,IGKV2-29	NA	IGKJ4	IGKC	TGCATGCAAAGTAAACAGTTTCCACTCACTTTC	CMQSKQFPLTF	IGK	NA	True	pat40-tumor-rna-SRR2751521.fastuniq
2	32	IGHV1-8	IGHD3-16	IGHJ5	NA	TGTGCGAGAGGCCTCCCTGCGATAACTTTCGGAGCTGGATTCGACCCCTGG	CARGLPAITFGAGFDPW	IGH	NA	True	pat40-tumor-rna-SRR2751521.fastuniq
5	31	IGLV2-23	NA	IGLJ3	NA	TGCTGCTCATATGCAGGTAGTAGAAATTGGGTGTTC	CCSYAGSRNWVF	IGL	NA	True	pat40-tumor-rna-SRR2751521.fastuniq
3	24	IGKV2-29	NA	IGKJ2	IGKC	TGCATGCAAGGTATACACCTTGGGTACACTTTT	CMQGIHLGYTF	IGK	NA	True	pat40-tumor-rna-SRR2751521.fastuniq
4	19	IGHV1-8	IGHD3-16	IGHJ5	IGHG1	TGTGCGAGAGGCCTCCCTGCGATAACTTTCGGAGCTGGATTCGACCCCTGG	CARGLPAITFGAGFDPW	IGH	G	True	pat40-tumor-rna-SRR2751521.fastuniq
10	18	IGKV3-20	NA	IGKJ4	NA	TGTCAGCAGTATGGTAGCTCACCTCTCACTTTC	CQQYGSSPLTF	IGK	NA	True	pat40-tumor-rna-SRR2751521.fastuniq
11	15	IGKV3-15	NA	IGKJ2	NA	TGTCAACAGTATAATGACTGGCCTCGGACTTTT	CQQYNDWPRTF	IGK	NA	True	pat40-tumor-rna-SRR2751521.fastuniq
7	14	IGKV2-28	NA	IGKJ4	IGKC	TGCATGCAAGCTCTACAAACTCCGCTCACTTTC	CMQALQTPLTF	IGK	NA	True	pat40-tumor-rna-SRR2751521.fastuniq
8	13	IGKV1-16,IGKV1-5	NA	IGKJ1	IGKC	TGCCAACAGTATAGTAGTTATTTTCCCTGGACGTTC	CQQYSSYFPWTF	IGK	NA	True	pat40-tumor-rna-SRR2751521.fastuniq
12	13	IGKV1-12	NA	IGKJ1	NA	TGTCAACAGACTAACAGTTTCCCGTGGACGTTC	CQQTNSFPWTF	IGK	NA	True	pat40-tumor-rna-SRR2751521.fastuniq
9	12	IGKV1-39	NA	IGKJ2	IGKC	TGTCAACAGACTTACAGTACCCGGTACACTTTT	CQQTYSTRYTF	IGK	NA	True	pat40-tumor-rna-SRR2751521.fastuniq
17	10	IGKV5-2	NA	IGKJ2	NA	TGTCTACAACATGATAATTTCCCGTACACTTTT	CLQHDNFPYTF	IGK	NA	True	pat40-tumor-rna-SRR2751521.fastuniq
16	10	IGLV2-14	NA	IGLJ2	NA	TGCAGCTCATATACAAGCACCAGCACCCTAGTGGTATTC	CSSYTSTSTLVVF	IGL	NA	True	pat40-tumor-rna-SRR2751521.fastuniq
14	7	IGKV3-20	NA	IGKJ2	IGKC	TGTCAGCAGTATGGTAGCTCACCTCCCACTTTT	CQQYGSSPPTF	IGK	NA	True	pat40-tumor-rna-SRR2751521.fastuniq
18	6	IGKV1-16	NA	IGKJ2	NA	TGCCAACAGTATAATAGTTACCCGTACACTTTT	CQQYNSYPYTF	IGK	NA	True	pat40-tumor-rna-SRR2751521.fastuniq
35	6	IGKV1-5	NA	IGKJ1	NA	TGCCAACAGTATAATAGTTATTCGTGGACGTTC	CQQYNSYSWTF	IGK	NA	True	pat40-tumor-rna-SRR2751521.fastuniq
32	6	IGKV1-39	NA	IGKJ2	IGKC	TGTCAACAGAGTTACAGTATCCCGTACACTTTT	CQQSYSIPYTF	IGK	NA	True	pat40-tumor-rna-SRR2751521.fastuniq
27	6	IGKV1-33	NA	IGKJ5	NA	TGTCAACAGTTTGATAATCTCCCGATCACCTTC	CQQFDNLPITF	IGK	NA	True	pat40-tumor-rna-SRR2751521.fastuniq
28	6	IGLV5-45,IGLV5-48	NA	IGLJ3	IGLC2,IGLC3,IGLC7	TGTGCCATTTGGTACAGCACCACTTGGGTGTTC	CAIWYSTTWVF	IGL	NA	True	pat40-tumor-rna-SRR2751521.fastuniq
39	5	IGKV1-13,IGKV1-16,IGKV1-5	NA	IGKJ1	NA	TGCCAACAGTATAATAGTTATTGGACGTTC	CQQYNSYWTF	IGK	NA	True	pat40-tumor-rna-SRR2751521.fastuniq
25	5	IGLV2-14,IGLV2-18	NA	IGLJ3	IGLC2,IGLC3,IGLC7	TGCAGCTCATATACAAGCAGCAGCACTTGGGTGTTC	CSSYTSSSTWVF	IGL	NA	True	pat40-tumor-rna-SRR2751521.fastuniq
20	5	IGHV3-9	IGHD2-2,IGHD6-13,IGHD6-19	IGHJ4	IGHG1	TGTGTAAGGTCAGATGCTTTGCGGCTGGTGGGCGAATTTGACTACTGG	CVRSDALRLVGEFDYW	IGH	G	True	pat40-tumor-rna-SRR2751521.fastuniq
19	5	IGHV3-9	IGHD2-2,IGHD6-13,IGHD6-19	IGHJ4	NA	TGTGTAAGGTCAGATGCTTTGCGGCTGGTGGGCGAATTTGACTACTGG	CVRSDALRLVGEFDYW	IGH	NA	True	pat40-tumor-rna-SRR2751521.fastuniq
23	5	IGLV1-44,IGLV1-47	NA	IGLJ3	NA	TGTGCAGCATGGGATGACAGCCTGAGTGGCCCTTGGGTGTTC	CAAWDDSLSGPWVF	IGL	NA	True	pat40-tumor-rna-SRR2751521.fastuniq
59	4	IGKV3-15	NA	IGKJ2	NA	TGTCAGCAGTATAATAGCTGGCCTCGGACTTTT	CQQYNSWPRTF	IGK	NA	True	pat40-tumor-rna-SRR2751521.fastuniq
66	4	IGLV5-45	NA	IGLJ2	NA	TGTGCCATTTGGTACAGCACCACTGTGGTATTC	CAIWYSTTVVF	IGL	NA	True	pat40-tumor-rna-SRR2751521.fastuniq
63	4	IGKV1-33	NA	IGKJ4	NA	TGTCAACAGTATGATAATCTCCCGCTCACTTTC	CQQYDNLPLTF	IGK	NA	True	pat40-tumor-rna-SRR2751521.fastuniq
22	4	IGHV4-28,IGHV4-34,IGHV4-39,IGHV4-59	IGHD3-10	IGHJ4	NA	TGTGCGAGAGGGGGTTACTATGGTTCAGGGAATTATTATTTAGACTACTGG	CARGGYYGSGNYYLDYW	IGH	NA	True	pat40-tumor-rna-SRR2751521.fastuniq
24	4	IGKV3-15	NA	IGKJ1	IGKC	TGTCAGCAGTATAATAACTGGCCTCCGTGGACGTTC	CQQYNNWPPWTF	IGK	NA	True	pat40-tumor-rna-SRR2751521.fastuniq
55	3	IGKV1-13,IGKV1-5,IGKV1-9	NA	IGKJ1	NA	TGTCAACAGTATAGTGGTTATTTTCCCTGGACGTTC	CQQYSGYFPWTF	IGK	NA	True	pat40-tumor-rna-SRR2751521.fastuniq
37	3	IGKV2-40	NA	IGKJ2	NA	TGCATGCAACGTATAGAGTTTCCTTACACTTTT	CMQRIEFPYTF	IGK	NA	True	pat40-tumor-rna-SRR2751521.fastuniq
68	3	IGKV2-29	NA	IGKJ2	NA	TGCATGCAAGGTATACACCTTCCGTACACTTTT	CMQGIHLPYTF	IGK	NA	True	pat40-tumor-rna-SRR2751521.fastuniq
31	3	IGLV3-9	NA	IGLJ1	IGLC1	TGTCAACTGTGGGACAGTAACACTTCTGTCTTC	CQLWDSNTSVF	IGL	NA	True	pat40-tumor-rna-SRR2751521.fastuniq
34	3	IGHV4-31	IGHD3-22,IGHD3-3,IGHD3-9	IGHJ4	IGHG1,IGHG2,IGHGP	TGTGCGAGAGGTCGGTTATTCTTTGACTATTGG	CARGRLFFDYW	IGH	G	True	pat40-tumor-rna-SRR2751521.fastuniq
29	3	IGLV3-21	NA	IGLJ2	IGLC2,IGLC3,IGLC7	TGTCAGGTGTGGGATAGTAGTAGTGATCATGTGGTATTC	CQVWDSSSDHVVF	IGL	NA	True	pat40-tumor-rna-SRR2751521.fastuniq
52	3	IGLV1-51	NA	IGLJ2	IGLC2,IGLC3,IGLC7	TGCGGAACATGGGATAACAGCCTGAGTGTTGTGGTATTC	CGTWDNSLSVVVF	IGL	NA	True	pat40-tumor-rna-SRR2751521.fastuniq
65	3	IGKV1-39	NA	IGKJ1	IGKC	TGTCAACAGAGTTACAATATCCCGTGGACGTTC	CQQSYNIPWTF	IGK	NA	True	pat40-tumor-rna-SRR2751521.fastuniq
30	3	IGKV3-20	NA	IGKJ3	IGKC	TGTCAGCATTATGGTAGCTCACCGCCATTCACCTTC	CQHYGSSPPFTF	IGK	NA	True	pat40-tumor-rna-SRR2751521.fastuniq
38	3	IGHV4-59	NA	IGHJ6	NA	TGTGCGAGACGGCGGTCGCTGGACGTCTGG	CARRRSLDVW	IGH	NA	True	pat40-tumor-rna-SRR2751521.fastuniq
57	2	IGKV1-17	NA	IGKJ4	NA	TGTCTACAGCATAATAGTTACCCCCTCACTTTC	CLQHNSYPLTF	IGK	NA	True	pat40-tumor-rna-SRR2751521.fastuniq
125	2	IGKV1-5	NA	IGKJ5	NA	TGCCAACAGTATAATAGTTATTCTCCTATTACCTTC	CQQYNSYSPITF	IGK	NA	True	pat40-tumor-rna-SRR2751521.fastuniq
70	2	IGKV2-30	NA	IGKJ2	IGKC	TGCATGCAAGGTACACACTGGCCGTACACTTTT	CMQGTHWPYTF	IGK	NA	True	pat40-tumor-rna-SRR2751521.fastuniq
42	2	IGHV1-18,IGHV1-2,IGHV1-46,IGHV1-69,IGHV1-8	IGHD1-1	IGHJ5	IGHG1,IGHG2,IGHGP	TGTGCGAGAGATGAAAGCCAGTTGTTTACATTTAGTTGGTTCGACCCCTGG	CARDESQLFTFSWFDPW	IGH	G	True	pat40-tumor-rna-SRR2751521.fastuniq
69	2	IGKV2-30	NA	IGKJ3	IGKC	TGCATGCAAGGTACACACTGGCTTCCGGTTTTC	CMQGTHWLPVF	IGK	NA	True	pat40-tumor-rna-SRR2751521.fastuniq
50	2	IGHV1-46	IGHD6-13,IGHD6-19	IGHJ4	IGHG1	TGTGCGAGAGAGGAATATAGCAATAGCTGGAACTACTGG	CAREEYSNSWNYW	IGH	G	True	pat40-tumor-rna-SRR2751521.fastuniq
46	2	IGHV3-30,IGHV3-33	IGHD2-2,IGHD6-13	IGHJ4	NA	TGTGCGAGAGTGGCAGCAGCTGGTACTGGGTTTGACTACTGG	CARVAAAGTGFDYW	IGH	NA	True	pat40-tumor-rna-SRR2751521.fastuniq
41	2	IGHV5-51	IGHD3-10,IGHD3-3,IGHD4-23	IGHJ6	NA	TGTGCGAGACATTTGTCCGGGGTGTTTTGGCGATACGGTATGGACGTCTGG	CARHLSGVFWRYGMDVW	IGH	NA	True	pat40-tumor-rna-SRR2751521.fastuniq
71	2	IGKV3-20	NA	IGKJ3	NA	TGTCAGCAGTATAATAACTCATTCACTTTC	CQQYNNSFTF	IGK	NA	True	pat40-tumor-rna-SRR2751521.fastuniq
48	2	IGLV1-40	NA	IGLJ3	NA	TGCCAATCCTATGACACCACATTGAGTGGTCCAGGGGTGTTC	CQSYDTTLSGPGVF	IGL	NA	True	pat40-tumor-rna-SRR2751521.fastuniq
43	2	IGHV1-69	IGHD2-2,IGHD5-12,IGHD5-24	IGHJ4,IGHJ5	IGHG1,IGHG2,IGHG3,IGHG4,IGHGP	TGTGCGACAGACCCGCCAATGTCCCCTATGCTGGCTACGGACTCCTGG	CATDPPMSPMLATDSW	IGH	G	True	pat40-tumor-rna-SRR2751521.fastuniq
123	2	IGKV1-5	NA	IGKJ1	NA	TGCCAACAGTATAATAGTTATTTTCCGTGGACGTTC	CQQYNSYFPWTF	IGK	NA	True	pat40-tumor-rna-SRR2751521.fastuniq
56	2	IGKV3-15	NA	IGKJ2	NA	TGTCTGCAGTTTAATAACTGGCCGTACACTTTT	CLQFNNWPYTF	IGK	NA	True	pat40-tumor-rna-SRR2751521.fastuniq
40	2	IGHV4-31,IGHV4-34,IGHV4-59	IGHD2-21,IGHD2-8,IGHD6-6	IGHJ6	IGHG1,IGHG2	TGTGCGAGAGATCCGAGCATCAAGGGATACTACTACTACGGTATGGACGTCTGG	CARDPSIKGYYYYGMDVW	IGH	G	True	pat40-tumor-rna-SRR2751521.fastuniq
106	2	IGLV2-11,IGLV2-14,IGLV2-18,IGLV2-23	NA	IGLJ1	NA	TGCTGCTCATATACAAGTAGTAACCCTCCTTATGTCTTC	CCSYTSSNPPYVF	IGL	NA	True	pat40-tumor-rna-SRR2751521.fastuniq
51	2	IGLV2-11,IGLV2-14,IGLV2-18,IGLV2-23,IGLV2-34	NA	IGLJ1	NA	TGCTGTTTATATACAAGTAGTAACCCCCCTTATGTCTTC	CCLYTSSNPPYVF	IGL	NA	True	pat40-tumor-rna-SRR2751521.fastuniq
47	2	IGHV3-23	IGHD3-3	IGHJ3	NA	TGTGCGAAATCACTTTTATTATTTGGAGTTTTTGATATCTGG	CAKSLLLFGVFDIW	IGH	NA	True	pat40-tumor-rna-SRR2751521.fastuniq
141	1	IGKV3-15	NA	IGKJ2	IGKC	TGTCAACAGTATAATGACTTGCCTCGGACTTTT	CQQYNDLPRTF	IGK	NA	True	pat40-tumor-rna-SRR2751521.fastuniq
80	1	IGHV3-30,IGHV3-33	IGHD1-1,IGHD2-21,IGHD3-10	IGHJ5	NA	TGTGCGAGAGATCTCCACAACCAACTCGGAATGATTCGGTGGTTCGACCCCTGG	CARDLHNQLGMIRWFDPW	IGH	NA	True	pat40-tumor-rna-SRR2751521.fastuniq
98	1	IGHV1-2,IGHV1-46,IGHV1-69,IGHV3-53,IGHV4-4	IGHD1-1,IGHD2-2,IGHD6-13	IGHJ4	IGHM	TGTGCGAGAGAAGACCAGGTGTCGCTAAATCTAGACTACTGG	CAREDQVSLNLDYW	IGH	M	True	pat40-tumor-rna-SRR2751521.fastuniq
86	1	IGHV3-30,IGHV3-33	IGHD5-12,IGHD7-27	IGHJ4	IGHG1	TGTGCGAGAGACCACTTATCTGGGGAATTCTACTTTGACTACTGG	CARDHLSGEFYFDYW	IGH	G	True	pat40-tumor-rna-SRR2751521.fastuniq
112	1	IGKV3-20	NA	IGKJ2	IGKC	TGTCAGCAGTATGGTAGCTCACTTATGTACACTTTT	CQQYGSSLMYTF	IGK	NA	True	pat40-tumor-rna-SRR2751521.fastuniq
135	1	IGKV3-15,IGKV3-20	NA	IGKJ1	NA	TGTCAGCAGTATAATAACTGGCAGGGGACGTTC	CQQYNNWQGTF	IGK	NA	True	pat40-tumor-rna-SRR2751521.fastuniq
133	1	IGKV3-20	NA	IGKJ4	NA	TGTCAGCAGTATGGTAGCTCATTTCTCACTTTC	CQQYGSSFLTF	IGK	NA	True	pat40-tumor-rna-SRR2751521.fastuniq
152	1	IGKV1-16,IGKV1-5	NA	IGKJ1	IGKC	TGCCAACAATATAATGGTTATTTGTGGACGTTC	CQQYNGYLWTF	IGK	NA	True	pat40-tumor-rna-SRR2751521.fastuniq
91	1	IGLV3-25	NA	IGLJ2,IGLJ3	IGLC2,IGLC3,IGLC7	TGTCAATCTTCAGACACAAGTGGTACTTATCCGGTGGTTTTC	CQSSDTSGTYPVVF	IGL	NA	True	pat40-tumor-rna-SRR2751521.fastuniq
82	1	IGHV1-18,IGHV1-2	IGHD5-24	IGHJ5	IGHG1,IGHG2,IGHG3,IGHG4,IGHGP	TGTGCGAGAGATGGAAGCCAGCTCTTTACATTTAGCTGGTTCGACTCCTGG	CARDGSQLFTFSWFDSW	IGH	G	True	pat40-tumor-rna-SRR2751521.fastuniq
158	1	IGKV2-24	NA	IGKJ4	IGKC	TGCACGCAAGCTACACAATTTCCTCTCACTTTC	CTQATQFPLTF	IGK	NA	True	pat40-tumor-rna-SRR2751521.fastuniq
160	1	IGKV2-30	NA	IGKJ3	IGKC	CGCATGCAAGGTACACACTGGCCGGTTTTC	RMQGTHWPVF	IGK	NA	True	pat40-tumor-rna-SRR2751521.fastuniq
130	1	IGLV4-69	NA	IGLJ2	IGLC2,IGLC3,IGLC7	TTTCAGACCTGGGACACTGGCATTCAAGAATTT	FQTWDTGIQEF	IGL	NA	True	pat40-tumor-rna-SRR2751521.fastuniq
88	1	IGHV2-5	IGHD5-12,IGHD5-18,IGHD5-5	IGHJ5	NA	TGTGCACACAGACGGTTAGGTGGATTCGGTTGGTTCGACCCCTGG	CAHRRLGGFGWFDPW	IGH	NA	True	pat40-tumor-rna-SRR2751521.fastuniq
117	1	IGHV1-24,IGHV1-46,IGHV1-58,IGHV1-69,IGHV1-8	IGHD1-7,IGHD3-3,IGHD4-23	IGHJ5	IGHG1,IGHG2,IGHGP	TGTGCGATAACTTTCGGAGCTGGATTCGACCCCTGG	CAITFGAGFDPW	IGH	G	True	pat40-tumor-rna-SRR2751521.fastuniq
76	1	IGHV3-52	IGHD1-1,IGHD1-20,IGHD3-3	IGHJ4	IGHG1	TGTGTGAGACTCGTTCCTGGGGGGTCAGGGATTTTTTCGCTTAAACACTTTGACGACTGG	CVRLVPGGSGIFSLKHFDDW	IGH	G	True	pat40-tumor-rna-SRR2751521.fastuniq
127	1	IGLV2-14,IGLV2-18	NA	IGLJ3	IGLC1,IGLC2,IGLC6	TGCACCTCATATACAAGCAGCAGCACTTGGGTGTTC	CTSYTSSSTWVF	IGL	NA	True	pat40-tumor-rna-SRR2751521.fastuniq
129	1	IGLV2-14,IGLV2-18	NA	IGLJ1	IGLC1	TGCAGCTCATATACAAGCAGCAGCACTTATGTCTTC	CSSYTSSSTYVF	IGL	NA	True	pat40-tumor-rna-SRR2751521.fastuniq
132	1	IGKV3-20	NA	IGKJ2	IGKC	TGTCAGCAGTATGTTACCTCACCCGACACTTTT	CQQYVTSPDTF	IGK	NA	True	pat40-tumor-rna-SRR2751521.fastuniq
128	1	IGLV2-14,IGLV2-18,IGLV2-28	NA	IGLJ2	IGLC2,IGLC3,IGLC6,IGLC7	TGCAGCTCATATACAAGTAGCAAAACTCTAGTATTC	CSSYTSSKTLVF	IGL	NA	True	pat40-tumor-rna-SRR2751521.fastuniq
148	1	IGLV2-23	NA	IGLJ1	IGLC1,IGLC2,IGLC6	TGCTCCTCATATGGAGGCACTAGGCGGGTCTTC	CSSYGGTRRVF	IGL	NA	True	pat40-tumor-rna-SRR2751521.fastuniq
104	1	IGLV2-34,IGLV2-8	NA	IGLJ2,IGLJ3	IGLC2,IGLC3	TGTAGCTCATATGCAGGCACCGAGTCTTTGGGACTATTC	CSSYAGTESLGLF	IGL	NA	True	pat40-tumor-rna-SRR2751521.fastuniq
84	1	IGHV4-31	IGHD5-12	IGHJ4	IGHG1,IGHG2,IGHGP	TGTTCGAGAGCTCTGGGTGGCTACGAACTTCCCTTTGACTTCTGG	CSRALGGYELPFDFW	IGH	G	True	pat40-tumor-rna-SRR2751521.fastuniq
138	1	IGLV4-69	NA	IGLJ2,IGLJ3	IGLC2,IGLC3	TGTCAGACTTGGGCCACTGGCATTCAGGTCTTC	CQTWATGIQVF	IGL	NA	True	pat40-tumor-rna-SRR2751521.fastuniq
108	1	IGLV1-40	NA	IGLJ7	NA	TGCCAGTCCTATGACAGCAGCCTGAGTGGTCCTGTGTTC	CQSYDSSLSGPVF	IGL	NA	True	pat40-tumor-rna-SRR2751521.fastuniq
134	1	IGKV3-15,IGKV3-20	NA	IGKJ1	IGKC	TGTCAGCAGTATGATACCCCACGTAGGACGTTC	CQQYDTPRRTF	IGK	NA	True	pat40-tumor-rna-SRR2751521.fastuniq
95	1	IGHV4-39	IGHD1-26,IGHD4-23	IGHJ1,IGHJ4	NA	TGTGCGAGACAGATCCGTGGGAACTACTACCCCGACTACTGG	CARQIRGNYYPDYW	IGH	NA	True	pat40-tumor-rna-SRR2751521.fastuniq
151	1	IGKV1-12,IGKV1-5	NA	IGKJ1	IGKC	TGCCAACAATATGATGACTTGTATTGGACGTTC	CQQYDDLYWTF	IGK	NA	True	pat40-tumor-rna-SRR2751521.fastuniq
159	1	IGKV1-16,IGKV1-5	NA	IGKJ1	IGKC	TGCCAGCAATATGCTACTTATAACGTTTTC	CQQYATYNVF	IGK	NA	True	pat40-tumor-rna-SRR2751521.fastuniq
147	1	IGLV5-45	NA	IGLJ2,IGLJ3	IGLC2,IGLC3,IGLC7	TGTATGATCTGGCACAGCAGCTCTGTAATTTTC	CMIWHSSSVIF	IGL	NA	True	pat40-tumor-rna-SRR2751521.fastuniq
101	1	IGLV3-16	NA	IGLJ2,IGLJ3	IGLC2,IGLC3	TGTCTATCAACAGACAGTACAGGTTCTTATGAGGTGTTC	CLSTDSTGSYEVF	IGL	NA	True	pat40-tumor-rna-SRR2751521.fastuniq
150	1	IGKV1-16,IGKV1-17,IGKV1-6	NA	IGKJ4	IGKC	TGCCTACAACACTTTTCTCATCCCCTCACTTTC	CLQHFSHPLTF	IGK	NA	True	pat40-tumor-rna-SRR2751521.fastuniq
118	1	IGHV5-51	IGHD2-2,IGHD6-13	IGHJ4	NA	TGTGCGAGACTCTCAGAAGCTGGCCTTGACTACTGG	CARLSEAGLDYW	IGH	NA	True	pat40-tumor-rna-SRR2751521.fastuniq
90	1	IGKV1-12	NA	IGKJ1	IGKC	TGTCTCCACTATAATATTCAAGTCTTTCAGCCCTGGACTTTC	CLHYNIQVFQPWTF	IGK	NA	True	pat40-tumor-rna-SRR2751521.fastuniq
131	1	IGKV1-39	NA	IGKJ2	IGKC	TGTCATCAGAGTTACAGCATCCCGTACACTTTT	CHQSYSIPYTF	IGK	NA	True	pat40-tumor-rna-SRR2751521.fastuniq
105	1	IGLV2-11,IGLV2-8	NA	IGLJ3	NA	TGCTGCTCATATGCAGGCAGCTACAGTCTTTGGGTGTTC	CCSYAGSYSLWVF	IGL	NA	True	pat40-tumor-rna-SRR2751521.fastuniq
96	1	IGHV4-39	IGHD1-26,IGHD4-23	IGHJ4	IGHG1,IGHG2,IGHGP	TGTGCGAGACAGATCCGTGGGAACTACTACCCCGACTACTGG	CARQIRGNYYPDYW	IGH	G	True	pat40-tumor-rna-SRR2751521.fastuniq
122	1	IGLV2-23	NA	IGLJ3	NA	TGCTGCTCATATGCAGGTAGTAGAAATTTGGTGTTC	CCSYAGSRNLVF	IGL	NA	True	pat40-tumor-rna-SRR2751521.fastuniq
149	1	IGLV2-23	NA	IGLJ2,IGLJ3	IGLC2,IGLC3,IGLC6,IGLC7	TGCTGCTCATATGCGGGTAATAGCAGGATATTC	CCSYAGNSRIF	IGL	NA	True	pat40-tumor-rna-SRR2751521.fastuniq
121	1	IGLV2-23	NA	IGLJ1	NA	TGCTGCTCGTTTGCAGGTGGTAGCACTTATGTCTTC	CCSFAGGSTYVF	IGL	NA	True	pat40-tumor-rna-SRR2751521.fastuniq
74	1	IGHV1-24	IGHD6-19	IGHJ6	NA	TGTGCAACGCTTCGTATTGGATATAGGAGTGGCTGGTACAGTCACTACTACGCTTTGGACGTCTGG	CATLRIGYRSGWYSHYYALDVW	IGH	NA	True	pat40-tumor-rna-SRR2751521.fastuniq
161	1	IGHV3-21	NA	IGHJ4	NA	TGTGCGAGAGTAACATTTGACTACTGG	CARVTFDYW	IGH	NA	True	pat40-tumor-rna-SRR2751521.fastuniq
79	1	IGHV5-51,IGHV7-81	IGHD5-12,IGHD5-24,IGHD6-19	IGHJ5	IGHG1	TGTGCGAGAGTGCCCCGTGAAGGGTGGCTTCAAGCCGGCTGGTTCGACCCCTGG	CARVPREGWLQAGWFDPW	IGH	G	True	pat40-tumor-rna-SRR2751521.fastuniq
97	1	IGHV3-30,IGHV3-33	IGHD2-2,IGHD6-13	IGHJ4	IGHG1	TGTGCGAGAGTGGCAGCAGCTGGTACTGGGTTTGACTACTGG	CARVAAAGTGFDYW	IGH	G	True	pat40-tumor-rna-SRR2751521.fastuniq
75	1	IGHV2-5	IGHD3-10	IGHJ4	IGHG1,IGHG2,IGHG3,IGHG4,IGHGP	TGTGCACGGACTTATTATTCTGGTTCAGGGAGTTATTATGGACCCTGGTACTTTGACTACTGG	CARTYYSGSGSYYGPWYFDYW	IGH	G	True	pat40-tumor-rna-SRR2751521.fastuniq
83	1	IGHV4-28,IGHV4-34,IGHV4-39,IGHV4-4,IGHV4-59	IGHD1-20,IGHD1-7,IGHD7-27	IGHJ4	NA	TGTGCGAGACGTTCTGGCACCTCCCAGTTTGGTTACTTTGACTTCTGG	CARRSGTSQFGYFDFW	IGH	NA	True	pat40-tumor-rna-SRR2751521.fastuniq
154	1	IGKV2-28	NA	IGKJ4	IGKC	TGCATGCAAGCTCTACAAACTCCGTTCACTTTC	CMQALQTPFTF	IGK	NA	True	pat40-tumor-rna-SRR2751521.fastuniq
73	1	IGHV1-46,IGHV1-69,IGHV3-53,IGHV4-28,IGHV4-4	IGHD3-3	IGHJ3	IGHG1,IGHG2,IGHG3,IGHG4,IGHGP	TGTGCGAGACATTTTTTAGCTGAGGATTACGATTTTTGGAGTGGCGGAATGAATGCTTTTGATATCTGG	CARHFLAEDYDFWSGGMNAFDIW	IGH	G	True	pat40-tumor-rna-SRR2751521.fastuniq
155	1	IGKV2-29,IGKV2-30	NA	IGKJ2	IGKC	TGCATGCAAGGTATACACCTTCTGTACACTTTT	CMQGIHLLYTF	IGK	NA	True	pat40-tumor-rna-SRR2751521.fastuniq
136	1	IGKV3-11	NA	IGKJ4	IGKC	TGTCAGCAGCGTAGCAACTGGCCTCTCACTTTC	CQQRSNWPLTF	IGK	NA	True	pat40-tumor-rna-SRR2751521.fastuniq
102	1	IGHV1-46	IGHD2-8,IGHD6-19,IGHD6-6	IGHJ4,IGHJ5	NA	TGTGCGAGAGAGGAATATAGCAATAGTTGGAACTACTGG	CAREEYSNSWNYW	IGH	NA	True	pat40-tumor-rna-SRR2751521.fastuniq
142	1	IGKV1-12	NA	IGKJ1	NA	TGTCAACAGACTAACAGTTTCTCGTGGACGTTC	CQQTNSFSWTF	IGK	NA	True	pat40-tumor-rna-SRR2751521.fastuniq
87	1	IGHV4-59	IGHD6-19	IGHJ4	NA	TGTGCGAGAGAGAGAATAGCAGTGGCTGCACACTTTGACTACTGG	CARERIAVAAHFDYW	IGH	NA	True	pat40-tumor-rna-SRR2751521.fastuniq
116	1	IGKV1-13,IGKV1-5,IGKV1-6,IGKV1-9,IGKV3-7	NA	IGKJ2	IGKC	TGTCAACAAACTTTCACTACCCCTCGATATTCCTTT	CQQTFTTPRYSF	IGK	NA	True	pat40-tumor-rna-SRR2751521.fastuniq
113	1	IGKV1-39	NA	IGKJ1	NA	TGTCAGCAGAGTTACGTTAACCCTCCGTGGACGTTC	CQQSYVNPPWTF	IGK	NA	True	pat40-tumor-rna-SRR2751521.fastuniq
81	1	IGHV4-28,IGHV4-31,IGHV4-34,IGHV4-39,IGHV4-4,IGHV4-59	IGHD3-10	IGHJ4,IGHJ5	IGHG1	TGTGCGAGAGGGGGTTACTATGGTTCAGGGAATTATTATTTAGATTACTGG	CARGGYYGSGNYYLDYW	IGH	G	True	pat40-tumor-rna-SRR2751521.fastuniq
77	1	IGHV5-51	IGHD2-21,IGHD3-22,IGHD7-27	IGHJ3	NA	TGTGCGAGACGGAGGAAGGGATCCTATAATAGAAGTCCCGGGTGGGCTTTTGATATCTGG	CARRRKGSYNRSPGWAFDIW	IGH	NA	True	pat40-tumor-rna-SRR2751521.fastuniq
145	1	IGKV1-39,IGKV1-8,IGKV3-7	NA	IGKJ2	IGKC	TGTCAACAAAATTACTATTCTGTTCGCACTTTT	CQQNYYSVRTF	IGK	NA	True	pat40-tumor-rna-SRR2751521.fastuniq
157	1	IGKV2-30	NA	IGKJ3	IGKC	TGCATGCAAGGTACACACTGGCCTCCGGTTTTC	CMQGTHWPPVF	IGK	NA	True	pat40-tumor-rna-SRR2751521.fastuniq
114	1	IGKV1-12,IGKV1-39	NA	IGKJ4	NA	TGTCAGCAAAATTTCAATTCCCGGATCCGGACGTTC	CQQNFNSRIRTF	IGK	NA	True	pat40-tumor-rna-SRR2751521.fastuniq
144	1	IGKV1-6,IGKV1-8,IGKV1-9	NA	IGKJ4	IGKC	TGTCAACAATTTAATCGTCATTCTCGGACTTTC	CQQFNRHSRTF	IGK	NA	True	pat40-tumor-rna-SRR2751521.fastuniq
140	1	IGKV1-13	NA	IGKJ5	IGKC	TGTCAACAGTTTGATAATTTCCCGATCACCTTC	CQQFDNFPITF	IGK	NA	True	pat40-tumor-rna-SRR2751521.fastuniq
139	1	IGKV1-27,IGKV1-37	NA	IGKJ3	NA	TGTCAACACTATAGCCGTGCTCCCTTCACTTTC	CQHYSRAPFTF	IGK	NA	True	pat40-tumor-rna-SRR2751521.fastuniq
111	1	IGKV3-15	NA	IGKJ1	IGKC	TGTCAGCATTATAATAACTGGCCTCCGTTGACGTTC	CQHYNNWPPLTF	IGK	NA	True	pat40-tumor-rna-SRR2751521.fastuniq
137	1	IGLV3-1	NA	IGLJ2,IGLJ3	IGLC2,IGLC3,IGLC7	TGTCAGGCGTGGGACAGCAAGTTTGTCGTCTTC	CQAWDSKFVVF	IGL	NA	True	pat40-tumor-rna-SRR2751521.fastuniq
103	1	IGLV1-36,IGLV1-44,IGLV1-47	NA	IGLJ3	NA	TGTGCAGCATGGGATGACAGCCTGAGTGGTCGGGTGTTC	CAAWDDSLSGRVF	IGL	NA	True	pat40-tumor-rna-SRR2751521.fastuniq
110	1	IGLV2-11,IGLV2-34	NA	IGLJ3	IGLC2,IGLC3,IGLC7	TACTGCTCATATGCAGGCAGCTACAGTCTTTGGGTGTTC	YCSYAGSYSLWVF	IGL	NA	True	pat40-tumor-rna-SRR2751521.fastuniq
